entry_id,timestamp,battery_voltage,humidity,motion_counts,temperature
1,2025-09-22T15:21:48Z,3.084,66.1,15172,25.71
2,2025-09-22T15:51:49Z,3.086,65.9,15172,25.79
3,2025-09-23T06:42:21Z,3.084,64.3,15782,26.75
4,2025-09-23T06:48:59Z,3.085,64,15789,26.77
5,2025-09-23T06:51:32Z,3.084,64.1,15794,26.75
6,2025-09-23T07:14:28Z,3.085,63.8,15795,26.73
7,2025-09-23T07:21:32Z,3.085,64,15795,26.74
8,2025-09-23T07:27:43Z,3.085,64.1,15796,26.71
9,2025-09-23T07:32:00Z,3.085,62.6,15811,26.73
10,2025-09-23T07:36:28Z,3.085,63.1,15827,26.65
11,2025-09-23T07:38:42Z,3.085,62.8,15832,26.61
12,2025-09-23T07:40:50Z,3.084,63.3,15842,26.62
13,2025-09-23T07:51:32Z,3.086,64.9,15856,26.39
14,2025-09-23T08:21:32Z,3.084,62.6,15856,26.53
15,2025-09-23T08:51:31Z,3.085,56.5,15856,26.71
16,2025-09-23T08:57:05Z,3.085,56.8,15857,26.81
17,2025-09-23T08:59:21Z,3.085,56,15864,26.85
18,2025-09-23T09:01:24Z,3.084,54.1,15875,26.85
19,2025-09-23T09:06:12Z,3.086,52.5,15883,26.92
20,2025-09-23T09:10:59Z,3.085,52,15901,26.98
21,2025-09-23T09:15:20Z,0,0,0,0
22,2025-09-23T09:17:03Z,0,0,0,0
23,2025-09-23T09:18:48Z,0,0,0,0
24,2025-09-23T09:19:27Z,3.085,53.7,15905,27.08
25,2025-09-23T09:20:31Z,0,0,0,0
26,2025-09-23T09:21:28Z,3.085,55.2,15921,27.09
27,2025-09-23T09:22:14Z,0,0,0,0
28,2025-09-23T09:23:28Z,3.086,54.7,15937,27.1
29,2025-09-23T09:24:02Z,0,0,0,0
30,2025-09-23T09:25:46Z,0,0,0,0
31,2025-09-23T09:26:05Z,3.084,53.2,15950,27.12
32,2025-09-23T09:27:28Z,0,0,0,0
33,2025-09-23T09:28:06Z,3.085,53.9,15971,27.1
34,2025-09-23T09:29:10Z,0,0,0,0
35,2025-09-23T09:30:07Z,3.085,55.9,15993,27.13
36,2025-09-23T09:30:53Z,0,0,0,0
37,2025-09-23T09:32:33Z,3.085,54.2,16013,27.15
38,2025-09-23T09:51:29Z,3.084,58.2,16018,27.09
39,2025-09-23T10:21:28Z,3.085,64.9,16018,27.1
40,2025-09-23T10:51:28Z,3.083,64.8,16018,27.1
41,2025-09-23T11:21:27Z,3.087,63.8,16018,27.1
42,2025-09-23T11:51:29Z,3.085,61.6,16018,27.12
43,2025-09-23T12:21:29Z,3.084,60.6,16018,27.13
44,2025-09-23T12:53:26Z,3.084,66.4,15655,25.13
45,2025-09-23T12:53:43Z,3.085,66.2,15655,25.05
46,2025-09-23T12:53:59Z,3.085,65.7,15655,25
47,2025-09-23T12:54:16Z,3.085,65.4,15656,24.99
48,2025-09-23T12:54:33Z,3.084,65,15657,24.95
49,2025-09-23T12:54:56Z,3.086,64.4,15658,24.87
50,2025-09-23T12:55:18Z,3.086,64.7,15682,24.89
51,2025-09-23T12:55:35Z,3.087,65.5,15683,24.85
52,2025-09-23T12:56:00Z,3.084,66.4,15655,25.13
53,2025-09-23T12:56:17Z,3.085,66.2,15655,25.05
54,2025-09-23T12:56:33Z,3.085,65.7,15655,25
55,2025-09-23T12:56:50Z,3.085,65.4,15656,24.99
56,2025-09-23T12:57:06Z,3.084,65,15657,24.95
57,2025-09-23T12:57:23Z,3.086,64.4,15658,24.87
58,2025-09-23T12:57:39Z,3.086,64.7,15682,24.89
59,2025-09-23T12:57:55Z,3.087,65.5,15683,24.85
60,2025-09-23T12:58:11Z,3.087,65.8,15684,24.85
61,2025-09-23T12:58:30Z,3.085,66.1,15697,24.75
62,2025-09-23T12:58:49Z,3.085,66.1,15701,24.74
63,2025-09-23T12:59:06Z,3.086,66.6,15703,24.72
64,2025-09-23T12:59:22Z,3.084,66.1,15709,24.71
65,2025-09-23T12:59:38Z,3.086,66.5,15719,24.69
66,2025-09-23T12:59:56Z,3.086,66.6,15720,24.72
67,2025-09-23T13:00:14Z,3.086,67,15722,24.71
68,2025-09-23T13:00:30Z,3.084,66.8,15723,24.72
69,2025-09-23T13:00:48Z,3.085,67,15730,24.69
70,2025-09-23T13:01:04Z,3.085,66.9,15738,24.69
71,2025-09-23T13:01:21Z,3.086,66.5,15746,24.71
72,2025-09-23T13:01:39Z,3.086,66.7,15759,24.71
73,2025-09-23T13:01:55Z,3.085,66.8,15760,24.71
74,2025-09-23T13:02:12Z,3.086,66.6,15773,25.42
75,2025-09-23T13:02:29Z,3.085,64.5,15773,26.5
76,2025-09-23T13:02:45Z,3.084,63.7,15774,27.01
77,2025-09-23T13:03:02Z,3.085,63.8,15777,26.99
78,2025-09-23T13:03:18Z,3.085,63.5,15779,26.89
79,2025-09-23T13:03:34Z,3.083,64.5,15779,26.82
80,2025-09-23T13:03:51Z,3.084,64.6,15780,26.81
81,2025-09-23T13:04:08Z,3.084,64.3,15782,26.75
82,2025-09-23T13:04:26Z,3.085,64,15789,26.77
83,2025-09-23T13:04:43Z,3.084,64.1,15794,26.75
84,2025-09-23T13:05:01Z,3.085,63.8,15795,26.73
85,2025-09-23T13:05:17Z,3.085,64,15795,26.74
86,2025-09-23T13:05:35Z,3.085,64.1,15796,26.71
87,2025-09-23T13:05:58Z,3.085,62.6,15811,26.73
88,2025-09-23T13:06:16Z,3.085,63.1,15827,26.65
89,2025-09-23T13:06:33Z,3.085,62.8,15832,26.61
90,2025-09-23T13:06:50Z,3.084,63.3,15842,26.62
91,2025-09-23T13:07:07Z,3.086,64.9,15856,26.39
92,2025-09-23T13:07:25Z,3.084,62.6,15856,26.53
93,2025-09-23T13:07:46Z,3.085,56.5,15856,26.71
94,2025-09-23T13:08:05Z,3.085,56.8,15857,26.81
95,2025-09-23T13:08:22Z,3.085,56,15864,26.85
96,2025-09-23T13:08:39Z,3.084,54.1,15875,26.85
97,2025-09-23T13:08:57Z,3.086,52.5,15883,26.92
98,2025-09-23T13:09:14Z,3.084,53.1,15886,26.95
99,2025-09-23T13:09:31Z,3.085,52,15901,26.98
100,2025-09-23T13:09:48Z,3.085,53.7,15905,27.08
101,2025-09-23T13:10:04Z,3.085,55.2,15921,27.09
102,2025-09-23T13:10:21Z,3.084,55.1,15921,27.08
103,2025-09-23T13:10:37Z,3.086,54.7,15937,27.1
104,2025-09-23T13:10:54Z,3.084,53.2,15950,27.12
105,2025-09-23T13:11:12Z,3.085,53.9,15971,27.1
106,2025-09-23T13:11:28Z,3.085,55.9,15993,27.13
107,2025-09-23T13:11:46Z,3.085,54.2,16013,27.15
108,2025-09-23T13:12:05Z,3.084,58.2,16018,27.09
109,2025-09-23T13:12:39Z,3.085,64.9,16018,27.1
110,2025-09-23T13:12:56Z,3.083,64.8,16018,27.1
111,2025-09-23T13:13:13Z,3.087,63.8,16018,27.1
112,2025-09-23T13:13:30Z,3.085,61.6,16018,27.12
113,2025-09-23T13:13:46Z,3.084,60.6,16018,27.13
114,2025-09-23T13:14:04Z,3.086,60.5,16018,27.15
115,2025-09-23T13:19:28Z,3.085,66.2,15655,25.05
116,2025-09-23T13:19:49Z,3.085,65.7,15655,25
117,2025-09-23T13:20:06Z,3.085,65.4,15656,24.99
118,2025-09-23T13:20:23Z,3.084,65,15657,24.95
119,2025-09-23T13:20:40Z,3.086,64.4,15658,24.87
120,2025-09-23T13:20:58Z,3.086,64.7,15682,24.89
121,2025-09-23T13:21:15Z,3.087,65.5,15683,24.85
122,2025-09-23T13:21:36Z,3.087,65.8,15684,24.85
123,2025-09-23T13:21:52Z,3.085,66.1,15697,24.75
124,2025-09-23T13:22:11Z,3.085,66.1,15701,24.74
125,2025-09-23T13:22:31Z,3.086,66.6,15703,24.72
126,2025-09-23T13:22:48Z,3.084,66.1,15709,24.71
127,2025-09-23T13:23:04Z,3.086,66.5,15719,24.69
128,2025-09-23T13:23:22Z,3.086,66.6,15720,24.72
129,2025-09-23T13:23:38Z,3.086,67,15722,24.71
130,2025-09-23T13:23:55Z,3.084,66.8,15723,24.72
131,2025-09-23T13:24:14Z,3.085,67,15730,24.69
132,2025-09-23T13:24:31Z,3.085,66.9,15738,24.69
133,2025-09-23T13:24:48Z,3.086,66.5,15746,24.71
134,2025-09-23T13:25:05Z,3.086,66.7,15759,24.71
135,2025-09-23T13:25:24Z,3.085,66.8,15760,24.71
136,2025-09-23T13:25:40Z,3.086,66.6,15773,25.42
137,2025-09-23T13:25:57Z,3.085,64.5,15773,26.5
138,2025-09-23T13:26:14Z,3.084,63.7,15774,27.01
139,2025-09-23T13:26:31Z,3.085,63.8,15777,26.99
140,2025-09-23T13:26:49Z,3.085,63.5,15779,26.89
141,2025-09-23T13:27:07Z,3.083,64.5,15779,26.82
142,2025-09-23T13:27:23Z,3.084,64.6,15780,26.81
143,2025-09-23T13:27:40Z,3.084,64.3,15782,26.75
144,2025-09-23T13:27:57Z,3.085,64,15789,26.77
145,2025-09-23T13:28:15Z,3.084,64.1,15794,26.75
146,2025-09-23T13:28:31Z,3.085,63.8,15795,26.73
147,2025-09-23T13:28:49Z,3.085,64,15795,26.74
148,2025-09-23T13:29:06Z,3.085,64.1,15796,26.71
149,2025-09-23T13:29:24Z,3.085,62.6,15811,26.73
150,2025-09-23T13:29:41Z,3.085,63.1,15827,26.65
151,2025-09-23T13:29:57Z,3.085,62.8,15832,26.61
152,2025-09-23T13:30:14Z,3.084,63.3,15842,26.62
153,2025-09-23T13:30:32Z,3.086,64.9,15856,26.39
154,2025-09-23T13:30:49Z,3.084,62.6,15856,26.53
155,2025-09-23T13:31:06Z,3.085,56.5,15856,26.71
156,2025-09-23T13:31:24Z,3.085,56.8,15857,26.81
157,2025-09-23T13:31:41Z,3.085,56,15864,26.85
158,2025-09-23T13:31:57Z,3.084,54.1,15875,26.85
159,2025-09-23T13:32:13Z,3.086,52.5,15883,26.92
160,2025-09-23T13:32:30Z,3.084,53.1,15886,26.95
161,2025-09-23T13:32:46Z,3.085,52,15901,26.98
162,2025-09-23T13:33:06Z,3.085,53.7,15905,27.08
163,2025-09-23T13:33:22Z,3.085,55.2,15921,27.09
164,2025-09-23T13:33:38Z,3.084,55.1,15921,27.08
165,2025-09-23T13:33:55Z,3.086,54.7,15937,27.1
166,2025-09-23T13:34:12Z,3.084,53.2,15950,27.12
167,2025-09-23T13:34:49Z,3.085,53.9,15971,27.1
168,2025-09-23T13:35:06Z,3.085,55.9,15993,27.13
169,2025-09-23T13:35:24Z,3.085,54.2,16013,27.15
170,2025-09-23T13:35:41Z,3.084,58.2,16018,27.09
171,2025-09-23T13:35:58Z,3.085,64.9,16018,27.1
172,2025-09-23T13:36:33Z,3.083,64.8,16018,27.1
173,2025-09-23T13:36:50Z,3.087,63.8,16018,27.1
174,2025-09-23T13:37:06Z,3.085,61.6,16018,27.12
175,2025-09-23T13:37:22Z,3.084,60.6,16018,27.13
176,2025-09-23T13:37:38Z,3.086,60.5,16018,27.15
177,2025-09-23T13:42:35Z,3.085,66.2,15655,25.05
178,2025-09-23T13:42:51Z,3.085,65.7,15655,25
179,2025-09-23T13:43:08Z,3.085,65.4,15656,24.99
180,2025-09-23T13:43:24Z,3.084,65,15657,24.95
181,2025-09-23T13:43:42Z,3.086,64.4,15658,24.87
182,2025-09-23T13:43:58Z,3.086,64.7,15682,24.89
183,2025-09-23T13:44:15Z,3.087,65.5,15683,24.85
184,2025-09-23T13:44:31Z,3.087,65.8,15684,24.85
185,2025-09-23T13:44:48Z,3.085,66.1,15697,24.75
186,2025-09-23T13:45:04Z,3.085,66.1,15701,24.74
187,2025-09-23T13:45:21Z,3.086,66.6,15703,24.72
188,2025-09-23T13:45:37Z,3.084,66.1,15709,24.71
189,2025-09-23T13:45:53Z,3.086,66.5,15719,24.69
190,2025-09-23T13:46:12Z,3.086,66.6,15720,24.72
191,2025-09-23T13:46:31Z,3.086,67,15722,24.71
192,2025-09-23T13:46:47Z,3.084,66.8,15723,24.72
193,2025-09-23T13:47:05Z,3.085,67,15730,24.69
194,2025-09-23T13:47:33Z,3.085,66.9,15738,24.69
195,2025-09-23T13:47:50Z,3.086,66.5,15746,24.71
196,2025-09-23T13:48:06Z,3.086,66.7,15759,24.71
197,2025-09-23T13:48:23Z,3.085,66.8,15760,24.71
198,2025-09-23T13:48:39Z,3.086,66.6,15773,25.42
199,2025-09-23T13:48:55Z,3.085,64.5,15773,26.5
200,2025-09-23T13:49:12Z,3.084,63.7,15774,27.01
201,2025-09-23T13:49:28Z,3.085,63.8,15777,26.99
202,2025-09-23T13:49:44Z,3.085,63.5,15779,26.89
203,2025-09-23T13:50:00Z,3.083,64.5,15779,26.82
204,2025-09-23T13:50:18Z,3.084,64.6,15780,26.81
205,2025-09-23T13:50:34Z,3.084,64.3,15782,26.75
206,2025-09-23T13:50:50Z,3.085,64,15789,26.77
207,2025-09-23T13:51:06Z,3.084,64.1,15794,26.75
208,2025-09-23T13:51:23Z,3.085,63.8,15795,26.73
209,2025-09-23T13:51:42Z,3.085,64,15795,26.74
210,2025-09-23T13:51:58Z,3.085,64.1,15796,26.71
211,2025-09-23T13:52:14Z,3.085,62.6,15811,26.73
212,2025-09-23T13:52:30Z,3.085,63.1,15827,26.65
213,2025-09-23T13:52:47Z,3.085,62.8,15832,26.61
214,2025-09-23T13:53:03Z,3.084,63.3,15842,26.62
215,2025-09-23T13:53:19Z,3.086,64.9,15856,26.39
216,2025-09-23T13:53:35Z,3.084,62.6,15856,26.53
217,2025-09-23T13:53:55Z,3.085,56.5,15856,26.71
218,2025-09-23T13:54:11Z,3.085,56.8,15857,26.81
219,2025-09-23T13:54:28Z,3.085,56,15864,26.85
220,2025-09-23T13:54:48Z,3.084,54.1,15875,26.85
221,2025-09-23T13:55:04Z,3.086,52.5,15883,26.92
222,2025-09-23T13:55:22Z,3.084,53.1,15886,26.95
223,2025-09-23T13:55:38Z,3.085,52,15901,26.98
224,2025-09-23T13:55:56Z,3.085,53.7,15905,27.08
225,2025-09-23T13:56:12Z,3.085,55.2,15921,27.09
226,2025-09-23T13:56:29Z,3.084,55.1,15921,27.08
227,2025-09-23T13:56:45Z,3.086,54.7,15937,27.1
228,2025-09-23T13:57:24Z,3.084,53.2,15950,27.12
229,2025-09-23T13:57:41Z,3.085,53.9,15971,27.1
230,2025-09-23T13:57:58Z,3.085,55.9,15993,27.13
231,2025-09-23T13:58:14Z,3.085,54.2,16013,27.15
232,2025-09-23T13:58:30Z,3.084,58.2,16018,27.09
233,2025-09-23T13:58:47Z,3.085,64.9,16018,27.1
234,2025-09-23T13:59:04Z,3.083,64.8,16018,27.1
235,2025-09-23T13:59:20Z,3.087,63.8,16018,27.1
236,2025-09-23T13:59:36Z,3.085,61.6,16018,27.12
237,2025-09-23T13:59:52Z,3.084,60.6,16018,27.13
238,2025-09-23T14:00:09Z,3.086,60.5,16018,27.15
239,2025-09-23T14:00:25Z,3.086,59.7,16018,27.09
240,2025-09-23T15:01:07Z,3.086,64.7,15682,24.89
241,2025-09-23T15:01:23Z,3.087,65.5,15683,24.85
242,2025-09-23T15:01:39Z,3.087,65.8,15684,24.85
243,2025-09-23T15:01:56Z,3.085,66.1,15697,24.75
244,2025-09-23T15:02:12Z,3.085,66.1,15701,24.74
245,2025-09-23T15:02:29Z,3.086,66.6,15703,24.72
246,2025-09-23T15:02:46Z,3.084,66.1,15709,24.71
247,2025-09-23T15:03:02Z,3.086,66.5,15719,24.69
248,2025-09-23T15:03:19Z,3.086,66.6,15720,24.72
249,2025-09-23T15:03:35Z,3.086,67,15722,24.71
250,2025-09-23T15:03:51Z,3.084,66.8,15723,24.72
251,2025-09-23T15:04:07Z,3.085,67,15730,24.69
252,2025-09-23T15:04:23Z,3.085,66.9,15738,24.69
253,2025-09-23T15:04:39Z,3.086,66.5,15746,24.71
254,2025-09-23T15:04:56Z,3.086,66.7,15759,24.71
255,2025-09-23T15:05:13Z,3.085,66.8,15760,24.71
256,2025-09-23T15:05:30Z,3.086,66.6,15773,25.42
257,2025-09-23T15:05:46Z,3.085,64.5,15773,26.5
258,2025-09-23T15:06:03Z,3.084,63.7,15774,27.01
259,2025-09-23T15:06:20Z,3.085,63.8,15777,26.99
260,2025-09-23T15:06:36Z,3.085,63.5,15779,26.89
261,2025-09-23T15:06:52Z,3.083,64.5,15779,26.82
262,2025-09-23T15:07:09Z,3.084,64.6,15780,26.81
263,2025-09-23T15:07:26Z,3.084,64.3,15782,26.75
264,2025-09-23T15:08:16Z,3.085,64,15789,26.77
265,2025-09-23T15:08:48Z,3.084,64.1,15794,26.75
266,2025-09-23T15:09:50Z,3.085,64,15795,26.74
267,2025-09-23T15:10:07Z,3.085,64.1,15796,26.71
268,2025-09-23T15:10:24Z,3.085,62.6,15811,26.73
269,2025-09-23T15:10:41Z,3.085,63.1,15827,26.65
270,2025-09-23T15:11:01Z,3.085,62.8,15832,26.61
271,2025-09-23T15:11:19Z,3.084,63.3,15842,26.62
272,2025-09-23T15:11:35Z,3.086,64.9,15856,26.39
273,2025-09-23T15:11:52Z,3.084,62.6,15856,26.53
274,2025-09-23T15:12:09Z,3.085,56.5,15856,26.71
275,2025-09-23T15:12:25Z,3.085,56.8,15857,26.81
276,2025-09-23T15:12:42Z,3.085,56,15864,26.85
277,2025-09-23T15:12:58Z,3.084,54.1,15875,26.85
278,2025-09-23T15:13:15Z,3.086,52.5,15883,26.92
279,2025-09-23T15:13:31Z,3.084,53.1,15886,26.95
280,2025-09-23T15:13:48Z,3.085,52,15901,26.98
281,2025-09-23T15:14:04Z,3.085,53.7,15905,27.08
282,2025-09-23T15:14:21Z,3.085,55.2,15921,27.09
283,2025-09-23T15:14:38Z,3.084,55.1,15921,27.08
284,2025-09-23T15:14:54Z,3.086,54.7,15937,27.1
285,2025-09-23T15:15:11Z,3.084,53.2,15950,27.12
286,2025-09-23T15:15:27Z,3.085,53.9,15971,27.1
287,2025-09-23T15:15:43Z,3.085,55.9,15993,27.13
288,2025-09-23T15:15:59Z,3.085,54.2,16013,27.15
289,2025-09-23T15:16:15Z,3.084,58.2,16018,27.09
290,2025-09-23T15:16:32Z,3.085,64.9,16018,27.1
291,2025-09-23T15:16:48Z,3.083,64.8,16018,27.1
292,2025-09-23T15:17:04Z,3.087,63.8,16018,27.1
293,2025-09-23T15:17:20Z,3.085,61.6,16018,27.12
294,2025-09-23T15:17:37Z,3.084,60.6,16018,27.13
295,2025-09-23T15:17:53Z,3.086,60.5,16018,27.15
296,2025-09-23T15:18:11Z,3.086,59.7,16018,27.09
297,2025-09-23T15:18:29Z,3.085,58.7,16018,27.09
298,2025-09-23T15:18:49Z,3.084,57.1,16018,27.08
299,2025-09-23T15:19:11Z,3.086,57.7,16018,27.04
300,2025-09-23T15:22:28Z,3.087,65.8,15684,24.85
301,2025-09-23T15:22:49Z,3.085,66.1,15697,24.75
302,2025-09-23T15:23:08Z,3.085,66.1,15701,24.74
303,2025-09-23T15:23:25Z,3.086,66.6,15703,24.72
304,2025-09-23T15:23:43Z,3.084,66.1,15709,24.71
305,2025-09-23T15:24:03Z,3.086,66.5,15719,24.69
306,2025-09-23T15:24:19Z,3.086,66.6,15720,24.72
307,2025-09-23T15:24:36Z,3.086,67,15722,24.71
308,2025-09-23T15:24:53Z,3.084,66.8,15723,24.72
309,2025-09-23T15:25:15Z,3.085,67,15730,24.69
310,2025-09-23T15:25:34Z,3.085,66.9,15738,24.69
311,2025-09-23T15:25:51Z,3.086,66.5,15746,24.71
312,2025-09-23T15:26:08Z,3.086,66.7,15759,24.71
313,2025-09-23T15:26:26Z,3.085,66.8,15760,24.71
314,2025-09-23T15:26:44Z,3.086,66.6,15773,25.42
315,2025-09-23T15:27:02Z,3.085,64.5,15773,26.5
316,2025-09-23T15:27:21Z,3.084,63.7,15774,27.01
317,2025-09-23T15:27:45Z,3.085,63.8,15777,26.99
318,2025-09-23T15:28:02Z,3.085,63.5,15779,26.89
319,2025-09-23T15:28:18Z,3.083,64.5,15779,26.82
320,2025-09-23T15:28:37Z,3.084,64.6,15780,26.81
321,2025-09-23T15:28:55Z,3.084,64.3,15782,26.75
322,2025-09-23T15:29:13Z,3.085,64,15789,26.77
323,2025-09-23T15:29:30Z,3.084,64.1,15794,26.75
324,2025-09-23T15:29:50Z,3.085,63.8,15795,26.73
325,2025-09-23T15:30:07Z,3.085,64,15795,26.74
326,2025-09-23T15:30:29Z,3.085,64.1,15796,26.71
327,2025-09-23T15:30:59Z,3.085,62.6,15811,26.73
328,2025-09-23T15:31:15Z,3.085,63.1,15827,26.65
329,2025-09-23T15:31:32Z,3.085,62.8,15832,26.61
330,2025-09-23T15:31:49Z,3.084,63.3,15842,26.62
331,2025-09-23T15:32:07Z,3.086,64.9,15856,26.39
332,2025-09-23T15:32:23Z,3.084,62.6,15856,26.53
333,2025-09-23T15:32:40Z,3.085,56.5,15856,26.71
334,2025-09-23T15:32:59Z,3.085,56.8,15857,26.81
335,2025-09-23T15:33:23Z,3.085,56,15864,26.85
336,2025-09-23T15:34:08Z,3.084,54.1,15875,26.85
337,2025-09-23T15:34:40Z,3.086,52.5,15883,26.92
338,2025-09-23T15:34:59Z,3.084,53.1,15886,26.95
339,2025-09-23T15:35:15Z,3.085,52,15901,26.98
340,2025-09-23T15:35:33Z,3.085,53.7,15905,27.08
341,2025-09-23T15:35:49Z,3.085,55.2,15921,27.09
342,2025-09-23T15:36:06Z,3.084,55.1,15921,27.08
343,2025-09-23T15:36:22Z,3.086,54.7,15937,27.1
344,2025-09-23T15:36:40Z,3.084,53.2,15950,27.12
345,2025-09-23T15:36:57Z,3.085,53.9,15971,27.1
346,2025-09-23T15:37:14Z,3.085,55.9,15993,27.13
347,2025-09-23T15:37:30Z,3.085,54.2,16013,27.15
348,2025-09-23T15:37:46Z,3.084,58.2,16018,27.09
349,2025-09-23T15:38:03Z,3.085,64.9,16018,27.1
350,2025-09-23T15:38:20Z,3.083,64.8,16018,27.1
351,2025-09-23T15:38:42Z,3.087,63.8,16018,27.1
352,2025-09-23T15:39:01Z,3.085,61.6,16018,27.12
353,2025-09-23T15:39:19Z,3.084,60.6,16018,27.13
354,2025-09-23T15:39:36Z,3.086,60.5,16018,27.15
355,2025-09-23T15:39:52Z,3.086,59.7,16018,27.09
356,2025-09-23T15:40:22Z,3.085,58.7,16018,27.09
357,2025-09-23T15:40:43Z,3.084,57.1,16018,27.08
358,2025-09-23T15:40:59Z,3.086,57.7,16018,27.04
359,2025-09-23T15:41:16Z,3.086,58.4,16018,26.99
360,2025-09-23T15:41:46Z,3.086,66.6,15703,24.72
361,2025-09-23T15:42:04Z,3.084,66.1,15709,24.71
362,2025-09-23T15:42:20Z,3.086,66.5,15719,24.69
363,2025-09-23T15:42:37Z,3.086,66.6,15720,24.72
364,2025-09-23T15:42:54Z,3.086,67,15722,24.71
365,2025-09-23T15:43:11Z,3.084,66.8,15723,24.72
366,2025-09-23T15:43:27Z,3.085,67,15730,24.69
367,2025-09-23T15:43:43Z,3.085,66.9,15738,24.69
368,2025-09-23T15:44:01Z,3.086,66.5,15746,24.71
369,2025-09-23T15:44:17Z,3.086,66.7,15759,24.71
370,2025-09-23T15:44:38Z,3.085,66.8,15760,24.71
371,2025-09-23T15:44:54Z,3.086,66.6,15773,25.42
372,2025-09-23T15:45:14Z,3.085,64.5,15773,26.5
373,2025-09-23T15:45:31Z,3.084,63.7,15774,27.01
374,2025-09-23T15:45:50Z,3.085,63.8,15777,26.99
375,2025-09-23T15:46:07Z,3.085,63.5,15779,26.89
376,2025-09-23T15:46:27Z,3.083,64.5,15779,26.82
377,2025-09-23T15:46:48Z,3.084,64.6,15780,26.81
378,2025-09-23T15:47:06Z,3.084,64.3,15782,26.75
379,2025-09-23T15:47:30Z,3.085,64,15789,26.77
380,2025-09-23T15:47:50Z,3.084,64.1,15794,26.75
381,2025-09-23T15:48:19Z,3.085,63.8,15795,26.73
382,2025-09-23T15:48:36Z,3.085,64,15795,26.74
383,2025-09-23T15:48:58Z,3.085,64.1,15796,26.71
384,2025-09-23T15:49:20Z,3.085,62.6,15811,26.73
385,2025-09-23T15:49:41Z,3.085,63.1,15827,26.65
386,2025-09-23T15:50:10Z,3.085,62.8,15832,26.61
387,2025-09-23T15:50:47Z,3.084,63.3,15842,26.62
388,2025-09-23T15:51:05Z,3.086,64.9,15856,26.39
389,2025-09-23T15:51:25Z,3.084,62.6,15856,26.53
390,2025-09-23T15:51:47Z,3.085,56.5,15856,26.71
391,2025-09-23T15:52:06Z,3.085,56.8,15857,26.81
392,2025-09-23T15:52:26Z,3.085,56,15864,26.85
393,2025-09-23T15:52:44Z,3.084,54.1,15875,26.85
394,2025-09-23T15:53:01Z,3.086,52.5,15883,26.92
395,2025-09-23T15:53:17Z,3.084,53.1,15886,26.95
396,2025-09-23T15:53:34Z,3.085,52,15901,26.98
397,2025-09-23T15:53:50Z,3.085,53.7,15905,27.08
398,2025-09-23T15:54:08Z,3.085,55.2,15921,27.09
399,2025-09-23T15:54:26Z,3.084,55.1,15921,27.08
400,2025-09-23T15:54:44Z,3.086,54.7,15937,27.1
401,2025-09-23T15:55:02Z,3.084,53.2,15950,27.12
402,2025-09-23T15:55:20Z,3.085,53.9,15971,27.1
403,2025-09-23T15:55:42Z,3.085,55.9,15993,27.13
404,2025-09-23T15:56:00Z,3.085,54.2,16013,27.15
405,2025-09-23T15:56:18Z,3.084,58.2,16018,27.09
406,2025-09-23T15:56:36Z,3.085,64.9,16018,27.1
407,2025-09-23T15:56:55Z,3.083,64.8,16018,27.1
408,2025-09-23T15:57:13Z,3.087,63.8,16018,27.1
409,2025-09-23T15:57:31Z,3.085,61.6,16018,27.12
410,2025-09-23T15:57:50Z,3.084,60.6,16018,27.13
411,2025-09-23T15:58:07Z,3.086,60.5,16018,27.15
412,2025-09-23T15:58:25Z,3.086,59.7,16018,27.09
413,2025-09-24T07:30:09Z,3.084,65,16589,26.79
414,2025-09-24T07:30:27Z,3.086,64.9,16589,26.67
415,2025-09-24T07:30:45Z,3.085,65.6,16590,26.61
416,2025-09-24T07:31:06Z,3.085,65.6,16590,26.6
417,2025-09-24T07:31:23Z,3.086,65.6,16591,26.57
418,2025-09-24T07:31:50Z,3.085,66,16594,26.58
419,2025-09-24T07:32:21Z,3.085,66,16594,26.51
420,2025-09-24T07:32:40Z,3.086,66,16595,26.46
421,2025-09-24T07:32:58Z,3.084,66,16595,26.41
422,2025-09-24T07:33:21Z,3.086,65.8,16595,26.24
423,2025-09-24T07:33:40Z,3.087,65.6,16596,26.26
424,2025-09-24T07:34:02Z,3.085,65,16596,26.22
425,2025-09-24T07:34:23Z,3.086,64.8,16597,26.2
426,2025-09-24T07:34:42Z,3.086,65.1,16598,26.22
427,2025-09-24T07:35:01Z,3.084,65.9,16598,26.26
428,2025-09-24T07:35:23Z,3.085,65.7,16599,26.22
429,2025-09-24T07:35:47Z,3.086,66.1,16599,26.2
430,2025-09-24T07:36:29Z,3.085,65.8,16600,26.03
431,2025-09-24T07:36:48Z,3.086,66.1,16600,26.03
432,2025-09-24T07:37:09Z,3.085,66.4,16601,25.93
433,2025-09-24T07:37:39Z,3.085,66.8,16602,25.91
434,2025-09-24T07:37:58Z,3.086,67.2,16602,25.79
435,2025-09-24T07:38:16Z,3.086,67.2,16603,25.79
436,2025-09-24T07:38:48Z,3.085,66.9,16605,25.78
437,2025-09-24T07:39:24Z,3.085,67,16605,25.76
438,2025-09-24T07:39:52Z,3.086,66.3,16605,25.74
439,2025-09-24T07:40:11Z,3.085,65.7,16606,25.67
440,2025-09-24T07:40:29Z,3.085,65.8,16617,25.69
441,2025-09-24T07:40:49Z,3.085,65.8,16618,25.68
442,2025-09-24T07:41:08Z,3.086,65.8,16633,25.68
443,2025-09-24T07:41:25Z,3.086,65.9,16639,25.69
444,2025-09-24T07:41:42Z,3.087,67,16640,25.61
445,2025-09-24T07:41:59Z,3.087,67.7,16643,25.56
446,2025-09-24T07:42:22Z,3.086,67.7,16645,25.58
447,2025-09-24T07:42:40Z,3.085,67.4,16646,25.51
448,2025-09-24T07:42:57Z,3.087,67.4,16649,25.51
449,2025-09-24T07:43:30Z,3.087,67.5,16651,25.52
450,2025-09-24T07:43:50Z,3.085,67.2,16655,25.56
451,2025-09-24T07:44:08Z,3.085,67.2,16656,25.52
452,2025-09-24T07:44:29Z,3.087,67.3,16657,25.56
453,2025-09-24T07:45:22Z,3.085,67.4,16659,25.56
454,2025-09-24T07:45:41Z,3.085,67.4,16664,25.6
455,2025-09-24T07:45:57Z,3.086,66.9,16669,25.65
456,2025-09-24T07:46:14Z,3.085,67.2,16674,25.67
457,2025-09-24T07:46:30Z,3.086,67.2,16675,25.71
458,2025-09-24T07:46:48Z,3.084,64.7,16687,26.82
459,2025-09-24T07:47:05Z,3.085,64.6,16688,26.94
460,2025-09-24T07:47:21Z,3.084,63.4,16689,27.43
461,2025-09-24T07:47:38Z,3.085,63.4,16689,27.5
462,2025-09-24T07:47:56Z,3.085,64.4,16689,27.22
463,2025-09-24T07:48:16Z,3.085,64.9,16689,27.15
464,2025-09-24T07:48:36Z,3.084,65.2,16690,27.13
465,2025-09-24T07:48:53Z,3.085,65.1,16695,27.15
466,2025-09-24T07:49:13Z,3.086,65,16697,27.17
467,2025-09-24T07:49:39Z,3.085,65.2,16715,27.17
468,2025-09-24T07:49:56Z,3.086,65.1,16731,27.17
469,2025-09-24T07:50:12Z,3.085,65.2,16736,27.15
470,2025-09-24T08:06:52Z,3.086,64.9,16589,26.67
471,2025-09-24T08:07:10Z,3.085,65.6,16590,26.61
472,2025-09-24T08:07:30Z,3.085,65.6,16590,26.6
473,2025-09-24T08:07:48Z,3.086,65.6,16591,26.57
474,2025-09-24T08:08:05Z,3.085,66,16594,26.58
475,2025-09-24T08:08:23Z,3.085,66,16594,26.51
476,2025-09-24T08:08:42Z,3.086,66,16595,26.46
477,2025-09-24T08:08:59Z,3.084,66,16595,26.41
478,2025-09-24T08:09:23Z,3.086,65.8,16595,26.24
479,2025-09-24T08:09:42Z,3.087,65.6,16596,26.26
480,2025-09-24T08:09:58Z,3.085,65,16596,26.22
481,2025-09-24T08:10:15Z,3.086,64.8,16597,26.2
482,2025-09-24T08:10:34Z,3.086,65.1,16598,26.22
483,2025-09-24T08:10:52Z,3.084,65.9,16598,26.26
484,2025-09-24T08:11:09Z,3.085,65.7,16599,26.22
485,2025-09-24T08:11:27Z,3.086,66.1,16599,26.2
486,2025-09-24T08:11:45Z,3.085,65.8,16600,26.03
487,2025-09-24T08:12:05Z,3.086,66.1,16600,26.03
488,2025-09-24T08:12:22Z,3.085,66.4,16601,25.93
489,2025-09-24T08:13:05Z,3.085,66.8,16602,25.91
490,2025-09-24T08:13:21Z,3.086,67.2,16602,25.79
491,2025-09-24T08:13:41Z,3.086,67.2,16603,25.79
492,2025-09-24T08:14:01Z,3.085,66.9,16605,25.78
493,2025-09-24T08:14:20Z,3.085,67,16605,25.76
494,2025-09-24T08:14:38Z,3.086,66.3,16605,25.74
495,2025-09-24T08:14:56Z,3.085,65.7,16606,25.67
496,2025-09-24T08:15:24Z,3.085,65.8,16617,25.69
497,2025-09-24T08:15:46Z,3.085,65.8,16618,25.68
498,2025-09-24T08:16:04Z,3.086,65.8,16633,25.68
499,2025-09-24T08:16:21Z,3.086,65.9,16639,25.69
500,2025-09-24T08:16:42Z,3.087,67,16640,25.61
501,2025-09-24T08:16:59Z,3.087,67.7,16643,25.56
502,2025-09-24T08:17:17Z,3.086,67.7,16645,25.58
503,2025-09-24T08:17:38Z,3.085,67.4,16646,25.51
504,2025-09-24T08:18:02Z,3.087,67.4,16649,25.51
505,2025-09-24T08:18:24Z,3.087,67.5,16651,25.52
506,2025-09-24T08:18:41Z,3.085,67.2,16655,25.56
507,2025-09-24T08:18:59Z,3.085,67.2,16656,25.52
508,2025-09-24T08:19:19Z,3.087,67.3,16657,25.56
509,2025-09-24T08:19:37Z,3.085,67.4,16659,25.56
510,2025-09-24T08:19:54Z,3.085,67.4,16664,25.6
511,2025-09-24T08:20:12Z,3.086,66.9,16669,25.65
512,2025-09-24T08:20:29Z,3.085,67.2,16674,25.67
513,2025-09-24T08:20:47Z,3.086,67.2,16675,25.71
514,2025-09-24T08:21:08Z,3.084,64.7,16687,26.82
515,2025-09-24T08:21:28Z,3.085,64.6,16688,26.94
516,2025-09-24T08:21:46Z,3.084,63.4,16689,27.43
517,2025-09-24T08:22:03Z,3.085,63.4,16689,27.5
518,2025-09-24T08:22:26Z,3.085,64.4,16689,27.22
519,2025-09-24T08:22:45Z,3.085,64.9,16689,27.15
520,2025-09-24T08:23:05Z,3.084,65.2,16690,27.13
521,2025-09-24T08:23:24Z,3.085,65.1,16695,27.15
522,2025-09-24T08:23:44Z,3.086,65,16697,27.17
523,2025-09-24T08:24:04Z,3.085,65.2,16715,27.17
524,2025-09-24T08:24:24Z,3.086,65.1,16731,27.17
525,2025-09-24T08:24:40Z,3.085,65.2,16736,27.15
526,2025-09-24T08:35:23Z,3.085,65.6,16590,26.61
527,2025-09-24T08:35:43Z,3.085,65.6,16590,26.6
528,2025-09-24T08:37:42Z,3.085,65.6,16590,26.61
529,2025-09-24T08:38:01Z,3.085,65.6,16590,26.6
530,2025-09-24T08:38:31Z,3.086,65.6,16591,26.57
531,2025-09-24T08:38:48Z,3.085,66,16594,26.58
532,2025-09-24T08:39:06Z,3.085,66,16594,26.51
533,2025-09-24T08:39:35Z,3.086,66,16595,26.46
534,2025-09-24T08:39:59Z,3.084,66,16595,26.41
535,2025-09-24T08:40:17Z,3.086,65.8,16595,26.24
536,2025-09-24T08:40:47Z,3.087,65.6,16596,26.26
537,2025-09-24T08:41:09Z,3.085,65,16596,26.22
538,2025-09-24T08:41:30Z,3.086,64.8,16597,26.2
539,2025-09-24T08:41:48Z,3.086,65.1,16598,26.22
540,2025-09-24T08:42:04Z,3.084,65.9,16598,26.26
541,2025-09-24T08:42:22Z,3.085,65.7,16599,26.22
542,2025-09-24T08:46:15Z,3.085,65.8,16600,26.03
543,2025-09-24T08:46:37Z,3.086,66.1,16600,26.03
544,2025-09-24T08:46:54Z,3.085,66.4,16601,25.93
545,2025-09-24T08:47:18Z,3.085,66.8,16602,25.91
546,2025-09-24T08:47:49Z,3.086,67.2,16602,25.79
547,2025-09-24T08:48:39Z,3.086,67.2,16603,25.79
548,2025-09-24T08:48:57Z,3.085,66.9,16605,25.78
549,2025-09-24T08:49:16Z,3.085,67,16605,25.76
550,2025-09-24T08:49:34Z,3.086,66.3,16605,25.74
551,2025-09-24T08:49:52Z,3.085,65.7,16606,25.67
552,2025-09-24T08:50:10Z,3.085,65.8,16617,25.69
553,2025-09-24T08:50:29Z,3.085,65.8,16618,25.68
554,2025-09-24T08:50:48Z,3.086,65.8,16633,25.68
555,2025-09-24T08:51:11Z,3.086,65.9,16639,25.69
556,2025-09-24T08:51:28Z,3.087,67,16640,25.61
557,2025-09-24T08:55:35Z,3.086,65.6,16591,26.57
558,2025-09-24T08:58:09Z,3.086,65.6,16591,26.57
559,2025-09-24T08:58:27Z,3.085,66,16594,26.58
560,2025-09-24T08:58:44Z,3.085,66,16594,26.51
561,2025-09-24T08:59:02Z,3.086,66,16595,26.46
562,2025-09-24T08:59:19Z,3.084,66,16595,26.41
563,2025-09-24T08:59:37Z,3.086,65.8,16595,26.24
564,2025-09-24T08:59:54Z,3.087,65.6,16596,26.26
565,2025-09-24T09:00:12Z,3.085,65,16596,26.22
566,2025-09-24T09:00:37Z,3.086,64.8,16597,26.2
567,2025-09-24T09:00:59Z,3.086,65.1,16598,26.22
568,2025-09-24T09:01:17Z,3.084,65.9,16598,26.26
569,2025-09-24T09:01:34Z,3.085,65.7,16599,26.22
570,2025-09-24T09:01:54Z,3.086,66.1,16599,26.2
571,2025-09-24T09:02:16Z,3.085,65.8,16600,26.03
572,2025-09-24T09:02:34Z,3.086,66.1,16600,26.03
573,2025-09-24T09:08:28Z,3.086,67.2,16602,25.79
574,2025-09-24T09:11:02Z,3.085,66.9,16605,25.78
575,2025-09-24T09:11:19Z,3.085,67,16605,25.76
576,2025-09-24T09:11:36Z,3.086,66.3,16605,25.74
577,2025-09-24T09:14:10Z,3.085,65.8,16617,25.69
578,2025-09-24T09:14:26Z,3.085,65.8,16618,25.68
579,2025-09-24T09:14:42Z,3.086,65.8,16633,25.68
580,2025-09-24T09:14:59Z,3.086,65.9,16639,25.69
581,2025-09-24T09:15:15Z,3.087,67,16640,25.61
582,2025-09-24T09:15:32Z,3.087,67.7,16643,25.56
583,2025-09-24T09:15:48Z,3.086,67.7,16645,25.58
584,2025-09-24T09:16:05Z,3.085,67.4,16646,25.51
585,2025-09-24T09:16:21Z,3.087,67.4,16649,25.51
586,2025-09-24T09:16:38Z,3.087,67.5,16651,25.52
587,2025-09-24T09:16:56Z,3.085,67.2,16655,25.56
588,2025-09-24T09:17:12Z,3.085,67.2,16656,25.52
589,2025-09-24T09:17:29Z,3.087,67.3,16657,25.56
590,2025-09-24T09:17:46Z,3.085,67.4,16659,25.56
591,2025-09-24T09:18:04Z,3.085,67.4,16664,25.6
592,2025-09-24T09:18:22Z,3.086,66.9,16669,25.65
593,2025-09-24T09:18:39Z,3.085,67.2,16674,25.67
594,2025-09-24T09:18:56Z,3.086,67.2,16675,25.71
595,2025-09-24T09:19:14Z,3.084,64.7,16687,26.82
596,2025-09-24T09:19:30Z,3.085,64.6,16688,26.94
597,2025-09-24T09:19:47Z,3.084,63.4,16689,27.43
598,2025-09-24T09:20:04Z,3.085,63.4,16689,27.5
599,2025-09-24T09:20:21Z,3.085,64.4,16689,27.22
600,2025-09-24T09:24:32Z,3.084,65.2,16690,27.13
601,2025-09-24T09:24:49Z,3.085,65.1,16695,27.15
602,2025-09-24T09:25:10Z,3.086,65,16697,27.17
603,2025-09-24T09:28:46Z,3.086,65.1,16731,27.17
604,2025-09-24T09:29:03Z,3.085,65.2,16736,27.15
605,2025-09-24T09:29:20Z,3.086,63.3,16736,27.29
606,2025-09-24T09:30:19Z,3.086,61.2,16757,27.4
607,2025-09-24T09:32:23Z,3.086,61.9,16770,27.43
608,2025-09-24T09:34:29Z,3.087,62.6,16785,27.43
609,2025-09-24T09:51:05Z,3.085,64,16789,27.47
610,2025-09-24T10:21:04Z,3.085,61.8,16789,27.54
611,2025-09-24T10:24:44Z,3.086,65.8,16595,26.24
612,2025-09-24T10:25:20Z,3.087,65.6,16596,26.26
613,2025-09-24T10:25:37Z,3.085,65,16596,26.22
614,2025-09-24T10:25:54Z,3.086,64.8,16597,26.2
615,2025-09-24T10:26:12Z,3.086,65.1,16598,26.22
616,2025-09-24T10:26:30Z,3.084,65.9,16598,26.26
617,2025-09-24T10:27:00Z,3.085,65.7,16599,26.22
618,2025-09-24T10:31:09Z,3.085,65.8,16600,26.03
619,2025-09-24T10:31:30Z,3.086,66.1,16600,26.03
620,2025-09-24T10:31:48Z,3.085,66.4,16601,25.93
621,2025-09-24T10:34:27Z,3.086,67.2,16602,25.79
622,2025-09-24T10:36:26Z,3.085,66.9,16605,25.78
623,2025-09-24T10:36:43Z,3.085,67,16605,25.76
624,2025-09-24T10:44:26Z,3.085,65.8,16617,25.69
625,2025-09-24T10:44:44Z,3.085,65.8,16618,25.68
626,2025-09-24T10:45:50Z,3.086,65.8,16633,25.68
627,2025-09-24T10:46:37Z,3.086,65.9,16639,25.69
628,2025-09-24T10:46:54Z,3.087,67,16640,25.61
629,2025-09-24T10:47:13Z,3.087,67.7,16643,25.56
630,2025-09-24T10:47:31Z,3.086,67.7,16645,25.58
631,2025-09-24T10:47:48Z,3.085,67.4,16646,25.51
632,2025-09-24T10:48:06Z,3.087,67.4,16649,25.51
633,2025-09-24T10:48:23Z,3.087,67.5,16651,25.52
634,2025-09-24T10:48:40Z,3.085,67.2,16655,25.56
635,2025-09-24T10:48:57Z,3.085,67.2,16656,25.52
636,2025-09-24T10:49:32Z,3.087,67.3,16657,25.56
637,2025-09-24T10:49:54Z,3.085,67.4,16659,25.56
638,2025-09-24T10:50:12Z,3.085,67.4,16664,25.6
639,2025-09-24T10:50:32Z,3.086,66.9,16669,25.65
640,2025-09-24T10:50:49Z,3.085,67.2,16674,25.67
641,2025-09-24T10:51:06Z,3.086,67.2,16675,25.71
642,2025-09-24T10:55:17Z,3.085,64.6,16688,26.94
643,2025-09-24T10:55:33Z,3.084,63.4,16689,27.43
644,2025-09-24T10:55:50Z,3.085,63.4,16689,27.5
645,2025-09-24T10:56:08Z,3.085,64.4,16689,27.22
646,2025-09-24T10:56:26Z,3.085,64.9,16689,27.15
647,2025-09-24T10:56:43Z,3.084,65.2,16690,27.13
648,2025-09-24T10:57:01Z,3.085,65.1,16695,27.15
649,2025-09-24T10:57:21Z,3.086,65,16697,27.17
650,2025-09-24T10:57:39Z,3.085,65.2,16715,27.17
651,2025-09-24T10:57:56Z,3.086,65.1,16731,27.17
652,2025-09-24T10:58:15Z,3.085,65.2,16736,27.15
653,2025-09-24T10:58:34Z,3.086,63.3,16736,27.29
654,2025-09-24T10:58:53Z,3.085,62.1,16737,27.44
655,2025-09-24T10:59:27Z,3.086,61.8,16744,27.4
656,2025-09-24T10:59:45Z,3.086,61.8,16747,27.42
657,2025-09-24T11:00:12Z,3.085,60.5,16749,27.4
658,2025-09-24T11:00:30Z,3.086,61.2,16757,27.4
659,2025-09-24T11:00:50Z,3.086,61.9,16770,27.43
660,2025-09-24T11:01:07Z,3.087,62.6,16785,27.43
661,2025-09-24T11:01:26Z,3.085,64,16789,27.47
662,2025-09-24T11:01:44Z,3.085,61.8,16789,27.54
663,2025-09-24T11:17:45Z,3.085,65,16596,26.22
664,2025-09-24T11:18:03Z,3.086,64.8,16597,26.2
665,2025-09-24T11:18:22Z,3.086,65.1,16598,26.22
666,2025-09-24T11:18:40Z,3.084,65.9,16598,26.26
667,2025-09-24T11:18:57Z,3.085,65.7,16599,26.22
668,2025-09-24T11:19:17Z,3.086,66.1,16599,26.2
669,2025-09-24T11:19:35Z,3.085,65.8,16600,26.03
670,2025-09-24T11:19:55Z,3.086,66.1,16600,26.03
671,2025-09-24T11:20:11Z,3.085,66.4,16601,25.93
672,2025-09-24T11:20:30Z,3.085,66.8,16602,25.91
673,2025-09-24T11:24:41Z,3.086,67.2,16603,25.79
674,2025-09-24T11:25:02Z,3.085,66.9,16605,25.78
675,2025-09-24T11:25:19Z,3.085,67,16605,25.76
676,2025-09-24T11:25:57Z,3.086,66.3,16605,25.74
677,2025-09-24T11:26:14Z,3.085,65.7,16606,25.67
678,2025-09-24T11:26:30Z,3.085,65.8,16617,25.69
679,2025-09-24T11:26:46Z,3.085,65.8,16618,25.68
680,2025-09-24T11:27:31Z,3.086,65.8,16633,25.68
681,2025-09-24T11:30:07Z,3.087,67,16640,25.61
682,2025-09-24T11:32:43Z,3.086,67.7,16645,25.58
683,2025-09-24T11:33:00Z,3.085,67.4,16646,25.51
684,2025-09-24T11:33:16Z,3.087,67.4,16649,25.51
685,2025-09-24T11:33:33Z,3.087,67.5,16651,25.52
686,2025-09-24T11:33:49Z,3.085,67.2,16655,25.56
687,2025-09-24T11:35:56Z,3.087,67.3,16657,25.56
688,2025-09-24T11:36:13Z,3.085,67.4,16659,25.56
689,2025-09-24T11:36:29Z,3.085,67.4,16664,25.6
690,2025-09-24T11:36:46Z,3.086,66.9,16669,25.65
691,2025-09-24T11:37:03Z,3.085,67.2,16674,25.67
692,2025-09-24T11:37:19Z,3.086,67.2,16675,25.71
693,2025-09-24T11:37:36Z,3.084,64.7,16687,26.82
694,2025-09-24T11:37:52Z,3.085,64.6,16688,26.94
695,2025-09-24T11:38:09Z,3.084,63.4,16689,27.43
696,2025-09-24T11:38:26Z,3.085,63.4,16689,27.5
697,2025-09-24T11:38:42Z,3.085,64.4,16689,27.22
698,2025-09-24T11:38:59Z,3.085,64.9,16689,27.15
699,2025-09-24T11:39:16Z,3.084,65.2,16690,27.13
700,2025-09-24T11:39:32Z,3.085,65.1,16695,27.15
701,2025-09-24T11:39:49Z,3.086,65,16697,27.17
702,2025-09-24T11:40:05Z,3.085,65.2,16715,27.17
703,2025-09-24T11:40:22Z,3.086,65.1,16731,27.17
704,2025-09-24T11:40:38Z,3.085,65.2,16736,27.15
705,2025-09-24T11:40:55Z,3.086,63.3,16736,27.29
706,2025-09-24T11:41:12Z,3.085,62.1,16737,27.44
707,2025-09-24T11:41:30Z,3.086,61.8,16744,27.4
708,2025-09-24T11:41:47Z,3.086,61.8,16747,27.42
709,2025-09-24T11:42:03Z,3.085,60.5,16749,27.4
710,2025-09-24T11:42:20Z,3.086,61.2,16757,27.4
711,2025-09-24T11:42:36Z,3.086,61.9,16770,27.43
712,2025-09-24T11:42:53Z,3.087,62.6,16785,27.43
713,2025-09-24T11:43:10Z,3.085,64,16789,27.47
714,2025-09-24T11:43:27Z,3.085,61.8,16789,27.54
715,2025-09-24T11:43:44Z,3.086,62.4,16789,27.6
716,2025-09-24T12:11:10Z,3.084,65.9,16598,26.26
717,2025-09-24T12:11:27Z,3.085,65.7,16599,26.22
718,2025-09-24T12:11:47Z,3.086,66.1,16599,26.2
719,2025-09-24T12:12:06Z,3.085,65.8,16600,26.03
720,2025-09-24T12:12:23Z,3.086,66.1,16600,26.03
721,2025-09-24T12:12:39Z,3.085,66.4,16601,25.93
722,2025-09-24T12:12:56Z,3.085,66.8,16602,25.91
723,2025-09-24T12:13:12Z,3.086,67.2,16602,25.79
724,2025-09-24T12:13:29Z,3.086,67.2,16603,25.79
725,2025-09-24T12:13:46Z,3.085,66.9,16605,25.78
726,2025-09-24T12:14:04Z,3.085,67,16605,25.76
727,2025-09-24T12:14:20Z,3.086,66.3,16605,25.74
728,2025-09-24T12:14:37Z,3.085,65.7,16606,25.67
729,2025-09-24T12:14:54Z,3.085,65.8,16617,25.69
730,2025-09-24T12:15:11Z,3.085,65.8,16618,25.68
731,2025-09-24T12:15:27Z,3.086,65.8,16633,25.68
732,2025-09-24T12:15:46Z,3.086,65.9,16639,25.69
733,2025-09-24T12:16:03Z,3.087,67,16640,25.61
734,2025-09-24T12:16:21Z,3.087,67.7,16643,25.56
735,2025-09-24T12:16:38Z,3.086,67.7,16645,25.58
736,2025-09-24T12:16:58Z,3.085,67.4,16646,25.51
737,2025-09-24T12:17:22Z,3.087,67.4,16649,25.51
738,2025-09-24T12:17:43Z,3.087,67.5,16651,25.52
739,2025-09-24T12:18:00Z,3.085,67.2,16655,25.56
740,2025-09-24T12:18:18Z,3.085,67.2,16656,25.52
741,2025-09-24T12:18:35Z,3.087,67.3,16657,25.56
742,2025-09-24T12:18:53Z,3.085,67.4,16659,25.56
743,2025-09-24T12:19:11Z,3.085,67.4,16664,25.6
744,2025-09-24T12:19:28Z,3.086,66.9,16669,25.65
745,2025-09-24T12:19:45Z,3.085,67.2,16674,25.67
746,2025-09-24T12:20:04Z,3.086,67.2,16675,25.71
747,2025-09-24T12:20:23Z,3.084,64.7,16687,26.82
748,2025-09-24T12:20:40Z,3.085,64.6,16688,26.94
749,2025-09-24T12:20:57Z,3.084,63.4,16689,27.43
750,2025-09-24T12:21:18Z,3.085,63.4,16689,27.5
751,2025-09-24T12:21:36Z,3.085,64.4,16689,27.22
752,2025-09-24T12:21:54Z,3.085,64.9,16689,27.15
753,2025-09-24T12:22:19Z,3.084,65.2,16690,27.13
754,2025-09-24T12:22:35Z,3.085,65.1,16695,27.15
755,2025-09-24T12:22:52Z,3.086,65,16697,27.17
756,2025-09-24T12:23:09Z,3.085,65.2,16715,27.17
757,2025-09-24T12:23:26Z,3.086,65.1,16731,27.17
758,2025-09-24T12:23:42Z,3.085,65.2,16736,27.15
759,2025-09-24T12:23:59Z,3.086,63.3,16736,27.29
760,2025-09-24T12:24:15Z,3.085,62.1,16737,27.44
761,2025-09-24T12:24:32Z,3.086,61.8,16744,27.4
762,2025-09-24T12:24:48Z,3.086,61.8,16747,27.42
763,2025-09-24T12:25:05Z,3.085,60.5,16749,27.4
764,2025-09-24T12:25:22Z,3.086,61.2,16757,27.4
765,2025-09-24T12:25:38Z,3.086,61.9,16770,27.43
766,2025-09-24T12:25:55Z,3.087,62.6,16785,27.43
767,2025-09-24T12:26:12Z,3.085,64,16789,27.47
768,2025-09-24T12:26:29Z,3.085,61.8,16789,27.54
769,2025-09-24T12:26:45Z,3.086,62.4,16789,27.6
770,2025-09-24T12:27:03Z,3.087,62,16789,27.64
771,2025-09-24T12:27:20Z,3.084,62.4,16789,27.67
772,2025-09-24T12:38:26Z,3.086,66.1,16599,26.2
773,2025-09-24T12:38:43Z,3.085,65.8,16600,26.03
774,2025-09-24T12:38:59Z,3.086,66.1,16600,26.03
775,2025-09-24T12:39:16Z,3.085,66.4,16601,25.93
776,2025-09-24T12:39:33Z,3.085,66.8,16602,25.91
777,2025-09-24T12:39:49Z,3.086,67.2,16602,25.79
778,2025-09-24T12:40:06Z,3.086,67.2,16603,25.79
779,2025-09-24T12:40:22Z,3.085,66.9,16605,25.78
780,2025-09-24T12:40:38Z,3.085,67,16605,25.76
781,2025-09-24T12:40:54Z,3.086,66.3,16605,25.74
782,2025-09-24T12:41:13Z,3.085,65.7,16606,25.67
783,2025-09-24T12:41:30Z,3.085,65.8,16617,25.69
784,2025-09-24T12:41:46Z,3.085,65.8,16618,25.68
785,2025-09-24T12:42:02Z,3.086,65.8,16633,25.68
786,2025-09-24T12:42:20Z,3.086,65.9,16639,25.69
787,2025-09-24T12:42:36Z,3.087,67,16640,25.61
788,2025-09-24T12:42:54Z,3.087,67.7,16643,25.56
789,2025-09-24T12:43:12Z,3.086,67.7,16645,25.58
790,2025-09-24T12:43:29Z,3.085,67.4,16646,25.51
791,2025-09-24T12:43:46Z,3.087,67.4,16649,25.51
792,2025-09-24T12:44:03Z,3.087,67.5,16651,25.52
793,2025-09-24T12:44:19Z,3.085,67.2,16655,25.56
794,2025-09-24T12:44:36Z,3.085,67.2,16656,25.52
795,2025-09-24T12:44:52Z,3.087,67.3,16657,25.56
796,2025-09-24T12:45:08Z,3.085,67.4,16659,25.56
797,2025-09-24T12:45:24Z,3.085,67.4,16664,25.6
798,2025-09-24T12:45:40Z,3.086,66.9,16669,25.65
799,2025-09-24T12:45:58Z,3.085,67.2,16674,25.67
800,2025-09-24T12:46:15Z,3.086,67.2,16675,25.71
801,2025-09-24T12:46:31Z,3.084,64.7,16687,26.82
802,2025-09-24T12:46:47Z,3.085,64.6,16688,26.94
803,2025-09-24T12:47:04Z,3.084,63.4,16689,27.43
804,2025-09-24T12:47:20Z,3.085,63.4,16689,27.5
805,2025-09-24T12:47:36Z,3.085,64.4,16689,27.22
806,2025-09-24T12:47:52Z,3.085,64.9,16689,27.15
807,2025-09-24T12:48:08Z,3.084,65.2,16690,27.13
808,2025-09-24T12:48:24Z,3.085,65.1,16695,27.15
809,2025-09-24T12:48:41Z,3.086,65,16697,27.17
810,2025-09-24T12:49:03Z,3.085,65.2,16715,27.17
811,2025-09-24T12:49:22Z,3.086,65.1,16731,27.17
812,2025-09-24T12:49:40Z,3.085,65.2,16736,27.15
813,2025-09-24T12:49:56Z,3.086,63.3,16736,27.29
814,2025-09-24T12:50:13Z,3.085,62.1,16737,27.44
815,2025-09-24T12:50:38Z,3.086,61.8,16744,27.4
816,2025-09-24T12:50:54Z,3.086,61.8,16747,27.42
817,2025-09-24T12:51:11Z,3.085,60.5,16749,27.4
818,2025-09-24T12:51:28Z,3.086,61.2,16757,27.4
819,2025-09-24T12:51:44Z,3.086,61.9,16770,27.43
820,2025-09-24T12:52:00Z,3.087,62.6,16785,27.43
821,2025-09-24T12:52:16Z,3.085,64,16789,27.47
822,2025-09-24T12:52:33Z,3.085,61.8,16789,27.54
823,2025-09-24T12:52:49Z,3.086,62.4,16789,27.6
824,2025-09-24T12:53:05Z,3.087,62,16789,27.64
825,2025-09-24T12:53:22Z,3.084,62.4,16789,27.67
826,2025-09-24T12:53:38Z,3.086,61.8,16789,27.7
827,2025-09-24T12:59:00Z,3.085,65.8,16600,26.03
828,2025-09-24T12:59:17Z,3.086,66.1,16600,26.03
829,2025-09-24T12:59:34Z,3.085,66.4,16601,25.93
830,2025-09-24T12:59:51Z,3.085,66.8,16602,25.91
831,2025-09-24T13:00:07Z,3.086,67.2,16602,25.79
832,2025-09-24T13:00:23Z,3.086,67.2,16603,25.79
833,2025-09-24T13:00:40Z,3.085,66.9,16605,25.78
834,2025-09-24T13:00:56Z,3.085,67,16605,25.76
835,2025-09-24T13:01:12Z,3.086,66.3,16605,25.74
836,2025-09-24T13:01:29Z,3.085,65.7,16606,25.67
837,2025-09-24T13:01:45Z,3.085,65.8,16617,25.69
838,2025-09-24T13:02:01Z,3.085,65.8,16618,25.68
839,2025-09-24T13:02:17Z,3.086,65.8,16633,25.68
840,2025-09-24T13:02:34Z,3.086,65.9,16639,25.69
841,2025-09-24T13:02:50Z,3.087,67,16640,25.61
842,2025-09-24T13:03:06Z,3.087,67.7,16643,25.56
843,2025-09-24T13:03:22Z,3.086,67.7,16645,25.58
844,2025-09-24T13:03:38Z,3.085,67.4,16646,25.51
845,2025-09-24T13:03:55Z,3.087,67.4,16649,25.51
846,2025-09-24T13:04:11Z,3.087,67.5,16651,25.52
847,2025-09-24T13:04:27Z,3.085,67.2,16655,25.56
848,2025-09-24T13:04:44Z,3.085,67.2,16656,25.52
849,2025-09-24T13:05:00Z,3.087,67.3,16657,25.56
850,2025-09-24T13:05:17Z,3.085,67.4,16659,25.56
851,2025-09-24T13:05:33Z,3.085,67.4,16664,25.6
852,2025-09-24T13:05:49Z,3.086,66.9,16669,25.65
853,2025-09-24T13:06:05Z,3.085,67.2,16674,25.67
854,2025-09-24T13:06:21Z,3.086,67.2,16675,25.71
855,2025-09-24T13:06:40Z,3.084,64.7,16687,26.82
856,2025-09-24T13:06:57Z,3.085,64.6,16688,26.94
857,2025-09-24T13:07:14Z,3.084,63.4,16689,27.43
858,2025-09-24T13:07:31Z,3.085,63.4,16689,27.5
859,2025-09-24T13:07:48Z,3.085,64.4,16689,27.22
860,2025-09-24T13:08:12Z,3.085,64.9,16689,27.15
861,2025-09-24T13:08:28Z,3.084,65.2,16690,27.13
862,2025-09-24T13:08:45Z,3.085,65.1,16695,27.15
863,2025-09-24T13:09:01Z,3.086,65,16697,27.17
864,2025-09-24T13:09:18Z,3.085,65.2,16715,27.17
865,2025-09-24T13:09:34Z,3.086,65.1,16731,27.17
866,2025-09-24T13:09:51Z,3.085,65.2,16736,27.15
867,2025-09-24T13:10:09Z,3.086,63.3,16736,27.29
868,2025-09-24T13:10:26Z,3.085,62.1,16737,27.44
869,2025-09-24T13:10:43Z,3.086,61.8,16744,27.4
870,2025-09-24T13:11:00Z,3.086,61.8,16747,27.42
871,2025-09-24T13:11:17Z,3.085,60.5,16749,27.4
872,2025-09-24T13:11:33Z,3.086,61.2,16757,27.4
873,2025-09-24T13:11:50Z,3.086,61.9,16770,27.43
874,2025-09-24T13:12:06Z,3.087,62.6,16785,27.43
875,2025-09-24T13:12:23Z,3.085,64,16789,27.47
876,2025-09-24T13:12:39Z,3.085,61.8,16789,27.54
877,2025-09-24T13:12:55Z,3.086,62.4,16789,27.6
878,2025-09-24T13:13:11Z,3.087,62,16789,27.64
879,2025-09-24T13:13:28Z,3.084,62.4,16789,27.67
880,2025-09-24T13:13:45Z,3.086,61.8,16789,27.7
881,2025-09-24T13:17:29Z,3.086,66.1,16600,26.03
882,2025-09-24T13:17:46Z,3.085,66.4,16601,25.93
883,2025-09-24T13:18:02Z,3.085,66.8,16602,25.91
884,2025-09-24T13:18:18Z,3.086,67.2,16602,25.79
885,2025-09-24T13:18:34Z,3.086,67.2,16603,25.79
886,2025-09-24T13:18:51Z,3.085,66.9,16605,25.78
887,2025-09-24T13:19:07Z,3.085,67,16605,25.76
888,2025-09-24T13:19:23Z,3.086,66.3,16605,25.74
889,2025-09-24T13:19:39Z,3.085,65.7,16606,25.67
890,2025-09-24T13:19:55Z,3.085,65.8,16617,25.69
891,2025-09-24T13:20:11Z,3.085,65.8,16618,25.68
892,2025-09-24T13:20:29Z,3.086,65.8,16633,25.68
893,2025-09-24T13:20:46Z,3.086,65.9,16639,25.69
894,2025-09-24T13:21:03Z,3.087,67,16640,25.61
895,2025-09-24T13:21:19Z,3.087,67.7,16643,25.56
896,2025-09-24T13:21:35Z,3.086,67.7,16645,25.58
897,2025-09-24T13:21:52Z,3.085,67.4,16646,25.51
898,2025-09-24T13:22:08Z,3.087,67.4,16649,25.51
899,2025-09-24T13:22:24Z,3.087,67.5,16651,25.52
900,2025-09-24T13:22:41Z,3.085,67.2,16655,25.56
901,2025-09-24T13:22:58Z,3.085,67.2,16656,25.52
902,2025-09-24T13:23:14Z,3.087,67.3,16657,25.56
903,2025-09-24T13:23:31Z,3.085,67.4,16659,25.56
904,2025-09-24T13:23:47Z,3.085,67.4,16664,25.6
905,2025-09-24T13:24:04Z,3.086,66.9,16669,25.65
906,2025-09-24T13:24:20Z,3.085,67.2,16674,25.67
907,2025-09-24T13:24:36Z,3.086,67.2,16675,25.71
908,2025-09-24T13:24:53Z,3.084,64.7,16687,26.82
909,2025-09-24T13:25:09Z,3.085,64.6,16688,26.94
910,2025-09-24T13:25:26Z,3.084,63.4,16689,27.43
911,2025-09-24T13:25:42Z,3.085,63.4,16689,27.5
912,2025-09-24T13:26:01Z,3.085,64.4,16689,27.22
913,2025-09-24T13:26:17Z,3.085,64.9,16689,27.15
914,2025-09-24T13:26:33Z,3.084,65.2,16690,27.13
915,2025-09-24T13:26:50Z,3.085,65.1,16695,27.15
916,2025-09-24T13:27:06Z,3.086,65,16697,27.17
917,2025-09-24T13:27:23Z,3.085,65.2,16715,27.17
918,2025-09-24T13:27:39Z,3.086,65.1,16731,27.17
919,2025-09-24T13:27:56Z,3.085,65.2,16736,27.15
920,2025-09-24T13:28:13Z,3.086,63.3,16736,27.29
921,2025-09-24T13:28:31Z,3.085,62.1,16737,27.44
922,2025-09-24T13:28:47Z,3.086,61.8,16744,27.4
923,2025-09-24T13:29:03Z,3.086,61.8,16747,27.42
924,2025-09-24T13:29:20Z,3.085,60.5,16749,27.4
925,2025-09-24T13:29:41Z,3.086,61.2,16757,27.4
926,2025-09-24T13:30:00Z,3.086,61.9,16770,27.43
927,2025-09-24T13:30:16Z,3.087,62.6,16785,27.43
928,2025-09-24T13:30:33Z,3.085,64,16789,27.47
929,2025-09-24T13:30:52Z,3.085,61.8,16789,27.54
930,2025-09-24T13:31:09Z,3.086,62.4,16789,27.6
931,2025-09-24T13:31:26Z,3.087,62,16789,27.64
932,2025-09-24T13:31:42Z,3.084,62.4,16789,27.67
933,2025-09-24T13:31:58Z,3.086,61.8,16789,27.7
934,2025-09-24T13:36:10Z,3.086,67.2,16602,25.79
935,2025-09-24T13:36:27Z,3.086,67.2,16603,25.79
936,2025-09-24T13:36:43Z,3.085,66.9,16605,25.78
937,2025-09-24T13:37:00Z,3.085,67,16605,25.76
938,2025-09-24T13:37:16Z,3.086,66.3,16605,25.74
939,2025-09-24T13:37:32Z,3.085,65.7,16606,25.67
940,2025-09-24T13:37:53Z,3.085,65.8,16617,25.69
941,2025-09-24T13:38:11Z,3.085,65.8,16618,25.68
942,2025-09-24T13:38:29Z,3.086,65.8,16633,25.68
943,2025-09-24T13:39:27Z,3.086,65.9,16639,25.69
944,2025-09-24T13:39:44Z,3.087,67,16640,25.61
945,2025-09-24T13:40:00Z,3.087,67.7,16643,25.56
946,2025-09-24T13:40:16Z,3.086,67.7,16645,25.58
947,2025-09-24T13:40:32Z,3.085,67.4,16646,25.51
948,2025-09-24T13:40:48Z,3.087,67.4,16649,25.51
949,2025-09-24T13:41:05Z,3.087,67.5,16651,25.52
950,2025-09-24T13:41:21Z,3.085,67.2,16655,25.56
951,2025-09-24T13:41:37Z,3.085,67.2,16656,25.52
952,2025-09-24T13:41:53Z,3.087,67.3,16657,25.56
953,2025-09-24T13:42:09Z,3.085,67.4,16659,25.56
954,2025-09-24T13:42:25Z,3.085,67.4,16664,25.6
955,2025-09-24T13:42:43Z,3.086,66.9,16669,25.65
956,2025-09-24T13:42:59Z,3.085,67.2,16674,25.67
957,2025-09-24T13:43:15Z,3.086,67.2,16675,25.71
958,2025-09-24T13:43:32Z,3.084,64.7,16687,26.82
959,2025-09-24T13:43:48Z,3.085,64.6,16688,26.94
960,2025-09-24T13:44:04Z,3.084,63.4,16689,27.43
961,2025-09-24T13:44:20Z,3.085,63.4,16689,27.5
962,2025-09-24T13:44:36Z,3.085,64.4,16689,27.22
963,2025-09-24T13:44:52Z,3.085,64.9,16689,27.15
964,2025-09-24T13:45:08Z,3.084,65.2,16690,27.13
965,2025-09-24T13:45:25Z,3.085,65.1,16695,27.15
966,2025-09-24T13:45:41Z,3.086,65,16697,27.17
967,2025-09-24T13:45:58Z,3.085,65.2,16715,27.17
968,2025-09-24T13:46:15Z,3.086,65.1,16731,27.17
969,2025-09-24T13:46:34Z,3.085,65.2,16736,27.15
970,2025-09-24T13:46:50Z,3.086,63.3,16736,27.29
971,2025-09-24T13:47:08Z,3.085,62.1,16737,27.44
972,2025-09-24T13:47:24Z,3.086,61.8,16744,27.4
973,2025-09-24T13:47:41Z,3.086,61.8,16747,27.42
974,2025-09-24T13:47:57Z,3.085,60.5,16749,27.4
975,2025-09-24T13:48:15Z,3.086,61.2,16757,27.4
976,2025-09-24T13:48:40Z,3.086,61.9,16770,27.43
977,2025-09-24T13:49:01Z,3.087,62.6,16785,27.43
978,2025-09-24T13:49:46Z,3.085,61.8,16789,27.54
979,2025-09-24T13:50:30Z,3.086,62.4,16789,27.6
980,2025-09-24T13:50:52Z,3.087,62,16789,27.64
981,2025-09-24T13:51:12Z,3.084,62.4,16789,27.67
982,2025-09-24T13:51:41Z,3.086,61.8,16789,27.7
983,2025-09-24T13:53:39Z,3.086,67.2,16603,25.79
984,2025-09-24T13:53:56Z,3.085,66.9,16605,25.78
985,2025-09-24T13:54:19Z,3.085,67,16605,25.76
986,2025-09-24T13:54:37Z,3.086,66.3,16605,25.74
987,2025-09-24T13:54:54Z,3.085,65.7,16606,25.67
988,2025-09-24T13:55:12Z,3.085,65.8,16617,25.69
989,2025-09-24T13:55:36Z,3.085,65.8,16618,25.68
990,2025-09-24T13:55:53Z,3.086,65.8,16633,25.68
991,2025-09-24T13:56:10Z,3.086,65.9,16639,25.69
992,2025-09-24T13:56:29Z,3.087,67,16640,25.61
993,2025-09-24T13:56:48Z,3.087,67.7,16643,25.56
994,2025-09-24T13:57:05Z,3.086,67.7,16645,25.58
995,2025-09-24T13:57:21Z,3.085,67.4,16646,25.51
996,2025-09-24T13:57:38Z,3.087,67.4,16649,25.51
997,2025-09-24T13:57:55Z,3.087,67.5,16651,25.52
998,2025-09-24T13:58:12Z,3.085,67.2,16655,25.56
999,2025-09-24T13:58:29Z,3.085,67.2,16656,25.52
1000,2025-09-24T13:58:46Z,3.087,67.3,16657,25.56
1001,2025-09-24T13:59:03Z,3.085,67.4,16659,25.56
1002,2025-09-24T13:59:21Z,3.085,67.4,16664,25.6
1003,2025-09-24T13:59:38Z,3.086,66.9,16669,25.65
1004,2025-09-24T13:59:54Z,3.085,67.2,16674,25.67
1005,2025-09-24T14:00:11Z,3.086,67.2,16675,25.71
1006,2025-09-24T14:00:27Z,3.084,64.7,16687,26.82
1007,2025-09-24T14:00:45Z,3.085,64.6,16688,26.94
1008,2025-09-24T14:01:02Z,3.084,63.4,16689,27.43
1009,2025-09-24T14:01:19Z,3.085,63.4,16689,27.5
1010,2025-09-24T14:01:36Z,3.085,64.4,16689,27.22
1011,2025-09-24T14:01:54Z,3.085,64.9,16689,27.15
1012,2025-09-24T14:02:16Z,3.084,65.2,16690,27.13
1013,2025-09-24T14:02:32Z,3.085,65.1,16695,27.15
1014,2025-09-24T14:02:50Z,3.086,65,16697,27.17
1015,2025-09-24T14:03:07Z,3.085,65.2,16715,27.17
1016,2025-09-24T14:03:24Z,3.086,65.1,16731,27.17
1017,2025-09-24T14:03:41Z,3.085,65.2,16736,27.15
1018,2025-09-24T14:04:01Z,3.086,63.3,16736,27.29
1019,2025-09-24T14:04:21Z,3.085,62.1,16737,27.44
1020,2025-09-24T14:04:39Z,3.086,61.8,16744,27.4
1021,2025-09-24T14:04:56Z,3.086,61.8,16747,27.42
1022,2025-09-24T14:05:14Z,3.085,60.5,16749,27.4
1023,2025-09-24T14:05:32Z,3.086,61.2,16757,27.4
1024,2025-09-24T14:05:49Z,3.086,61.9,16770,27.43
1025,2025-09-24T14:06:06Z,3.087,62.6,16785,27.43
1026,2025-09-24T14:06:23Z,3.085,64,16789,27.47
1027,2025-09-24T14:06:41Z,3.085,61.8,16789,27.54
1028,2025-09-24T14:07:00Z,3.086,62.4,16789,27.6
1029,2025-09-24T14:07:25Z,3.087,62,16789,27.64
1030,2025-09-24T14:07:44Z,3.084,62.4,16789,27.67
1031,2025-09-24T14:08:19Z,3.086,61.8,16789,27.7
1032,2025-09-24T14:09:09Z,3.085,66.9,16605,25.78
1033,2025-09-24T14:09:27Z,3.085,67,16605,25.76
1034,2025-09-24T14:09:51Z,3.086,66.3,16605,25.74
1035,2025-09-24T14:10:10Z,3.085,65.7,16606,25.67
1036,2025-09-24T14:10:36Z,3.085,65.8,16617,25.69
1037,2025-09-24T14:10:55Z,3.085,65.8,16618,25.68
1038,2025-09-24T14:12:02Z,3.086,65.8,16633,25.68
1039,2025-09-24T14:12:26Z,3.086,65.9,16639,25.69
1040,2025-09-24T14:12:46Z,3.087,67,16640,25.61
1041,2025-09-24T14:13:07Z,3.087,67.7,16643,25.56
1042,2025-09-24T14:13:34Z,3.086,67.7,16645,25.58
1043,2025-09-24T14:13:51Z,3.085,67.4,16646,25.51
1044,2025-09-24T14:14:08Z,3.087,67.4,16649,25.51
1045,2025-09-24T14:14:26Z,3.087,67.5,16651,25.52
1046,2025-09-24T14:14:44Z,3.085,67.2,16655,25.56
1047,2025-09-24T14:15:01Z,3.085,67.2,16656,25.52
1048,2025-09-24T14:15:39Z,3.087,67.3,16657,25.56
1049,2025-09-24T14:15:57Z,3.085,67.4,16659,25.56
1050,2025-09-24T14:16:14Z,3.085,67.4,16664,25.6
1051,2025-09-24T14:16:31Z,3.086,66.9,16669,25.65
1052,2025-09-24T14:16:49Z,3.085,67.2,16674,25.67
1053,2025-09-24T14:17:06Z,3.086,67.2,16675,25.71
1054,2025-09-24T14:17:28Z,3.084,64.7,16687,26.82
1055,2025-09-24T14:17:45Z,3.085,64.6,16688,26.94
1056,2025-09-24T14:18:02Z,3.084,63.4,16689,27.43
1057,2025-09-24T14:18:23Z,3.085,63.4,16689,27.5
1058,2025-09-24T14:18:41Z,3.085,64.4,16689,27.22
1059,2025-09-24T14:18:58Z,3.085,64.9,16689,27.15
1060,2025-09-24T14:19:19Z,3.084,65.2,16690,27.13
1061,2025-09-24T14:19:38Z,3.085,65.1,16695,27.15
1062,2025-09-24T14:19:55Z,3.086,65,16697,27.17
1063,2025-09-24T14:20:13Z,3.085,65.2,16715,27.17
1064,2025-09-24T14:20:32Z,3.086,65.1,16731,27.17
1065,2025-09-24T14:20:51Z,3.085,65.2,16736,27.15
1066,2025-09-24T14:21:10Z,3.086,63.3,16736,27.29
1067,2025-09-24T14:21:32Z,3.085,62.1,16737,27.44
1068,2025-09-24T14:21:52Z,3.086,61.8,16744,27.4
1069,2025-09-24T14:22:17Z,3.086,61.8,16747,27.42
1070,2025-09-24T14:23:00Z,3.085,60.5,16749,27.4
1071,2025-09-24T14:23:18Z,3.086,61.2,16757,27.4
1072,2025-09-24T14:23:36Z,3.086,61.9,16770,27.43
1073,2025-09-24T14:23:53Z,3.087,62.6,16785,27.43
1074,2025-09-24T14:24:10Z,3.085,64,16789,27.47
1075,2025-09-24T14:24:30Z,3.085,61.8,16789,27.54
1076,2025-09-24T14:24:52Z,3.086,62.4,16789,27.6
1077,2025-09-24T14:25:12Z,3.087,62,16789,27.64
1078,2025-09-24T14:25:29Z,3.084,62.4,16789,27.67
1079,2025-09-24T14:25:45Z,3.086,61.8,16789,27.7
1080,2025-09-24T14:26:16Z,3.085,67.9,16972,26.24
1081,2025-09-24T14:47:57Z,3.086,66.3,16605,25.74
1082,2025-09-24T14:48:14Z,3.085,65.7,16606,25.67
1083,2025-09-24T14:48:35Z,3.085,65.8,16617,25.69
1084,2025-09-24T14:48:54Z,3.085,65.8,16618,25.68
1085,2025-09-24T14:49:13Z,3.086,65.8,16633,25.68
1086,2025-09-24T14:49:32Z,3.086,65.9,16639,25.69
1087,2025-09-24T14:49:49Z,3.087,67,16640,25.61
1088,2025-09-24T14:50:06Z,3.087,67.7,16643,25.56
1089,2025-09-24T14:50:24Z,3.086,67.7,16645,25.58
1090,2025-09-24T14:50:45Z,3.085,67.4,16646,25.51
1091,2025-09-24T14:51:03Z,3.087,67.4,16649,25.51
1092,2025-09-24T14:51:25Z,3.087,67.5,16651,25.52
1093,2025-09-24T14:51:47Z,3.085,67.2,16655,25.56
1094,2025-09-24T14:52:04Z,3.085,67.2,16656,25.52
1095,2025-09-24T14:52:23Z,3.087,67.3,16657,25.56
1096,2025-09-24T14:52:43Z,3.085,67.4,16659,25.56
1097,2025-09-24T14:53:01Z,3.085,67.4,16664,25.6
1098,2025-09-24T14:53:17Z,3.086,66.9,16669,25.65
1099,2025-09-24T14:53:34Z,3.085,67.2,16674,25.67
1100,2025-09-24T14:53:50Z,3.086,67.2,16675,25.71
1101,2025-09-24T14:54:07Z,3.084,64.7,16687,26.82
1102,2025-09-24T14:54:23Z,3.085,64.6,16688,26.94
1103,2025-09-24T14:54:40Z,3.084,63.4,16689,27.43
1104,2025-09-24T14:54:57Z,3.085,63.4,16689,27.5
1105,2025-09-24T14:55:13Z,3.085,64.4,16689,27.22
1106,2025-09-24T14:55:30Z,3.085,64.9,16689,27.15
1107,2025-09-24T14:55:47Z,3.084,65.2,16690,27.13
1108,2025-09-24T14:56:04Z,3.085,65.1,16695,27.15
1109,2025-09-24T14:56:22Z,3.086,65,16697,27.17
1110,2025-09-24T14:56:38Z,3.085,65.2,16715,27.17
1111,2025-09-24T14:56:55Z,3.086,65.1,16731,27.17
1112,2025-09-24T14:57:12Z,3.085,65.2,16736,27.15
1113,2025-09-24T14:57:29Z,3.086,63.3,16736,27.29
1114,2025-09-24T14:57:47Z,3.085,62.1,16737,27.44
1115,2025-09-24T14:58:04Z,3.086,61.8,16744,27.4
1116,2025-09-24T14:58:21Z,3.086,61.8,16747,27.42
1117,2025-09-24T14:58:37Z,3.085,60.5,16749,27.4
1118,2025-09-24T14:58:54Z,3.086,61.2,16757,27.4
1119,2025-09-24T14:59:11Z,3.086,61.9,16770,27.43
1120,2025-09-24T14:59:29Z,3.087,62.6,16785,27.43
1121,2025-09-24T14:59:50Z,3.085,64,16789,27.47
1122,2025-09-24T15:00:13Z,3.085,61.8,16789,27.54
1123,2025-09-24T15:00:30Z,3.086,62.4,16789,27.6
1124,2025-09-24T15:00:48Z,3.087,62,16789,27.64
1125,2025-09-24T15:01:05Z,3.084,62.4,16789,27.67
1126,2025-09-24T15:01:22Z,3.086,61.8,16789,27.7
1127,2025-09-24T15:01:38Z,3.085,67.9,16972,26.24
1128,2025-09-24T15:01:54Z,3.085,68.3,16991,26.26
1129,2025-09-24T15:02:13Z,3.086,69.1,17002,26.24
1130,2025-09-24T15:02:29Z,3.085,68.7,17011,26.23
1131,2025-09-24T15:02:46Z,3.086,68.6,17025,26.23
1132,2025-09-24T15:03:03Z,3.085,68.7,17045,26.24
1133,2025-09-24T15:03:19Z,3.086,68.8,17063,26.2
1134,2025-09-24T15:03:37Z,3.086,68.9,17075,26.23
1135,2025-09-24T15:03:56Z,3.085,68.9,17095,26.24
1136,2025-09-24T15:04:13Z,3.085,69,17114,26.24
1137,2025-09-24T15:04:29Z,3.085,69.2,17132,26.23
1138,2025-09-24T15:05:12Z,3.086,67.9,17282,26.23
1139,2025-09-24T15:11:18Z,3.085,68.5,17296,26.22
1140,2025-09-24T15:14:26Z,3.086,69.1,17297,26.24
1141,2025-09-24T15:16:36Z,3.086,69.6,17299,26.24
1142,2025-09-24T15:21:01Z,3.085,69.8,17299,26.26
1143,2025-09-24T15:27:23Z,3.086,70.3,17300,26.24
1144,2025-09-24T15:36:41Z,3.086,65.9,15172,25.79
1145,2025-09-24T15:37:02Z,3.084,65.1,15540,25.6
1146,2025-09-24T15:37:20Z,3.084,65.1,15562,25.57
1147,2025-09-24T15:37:38Z,3.085,65.2,15569,25.61
1148,2025-09-24T15:38:03Z,3.085,65.2,15571,25.58
1149,2025-09-24T15:38:22Z,3.086,65.4,15579,25.58
1150,2025-09-24T15:38:41Z,3.085,65.3,15581,25.6
1151,2025-09-24T15:39:18Z,3.084,65.5,15589,25.58
1152,2025-09-24T15:40:06Z,3.085,65.4,15601,25.58
1153,2025-09-24T15:40:30Z,3.085,65.5,15603,25.54
1154,2025-09-24T15:41:05Z,3.083,65.4,15606,25.56
1155,2025-09-24T15:41:38Z,3.085,65.5,15607,25.56
1156,2025-09-24T15:42:25Z,3.085,65.7,15618,25.47
1157,2025-09-24T15:42:44Z,3.084,66,15620,25.48
1158,2025-09-24T15:43:01Z,3.085,65.8,15621,25.54
1159,2025-09-24T15:43:19Z,3.085,66.1,15623,25.56
1160,2025-09-24T15:43:39Z,3.084,66.2,15624,25.57
1161,2025-09-24T15:43:57Z,3.085,66.2,15634,25.58
1162,2025-09-24T15:44:15Z,3.084,66.3,15645,25.64
1163,2025-09-24T15:44:34Z,3.085,66.3,15646,25.61
1164,2025-09-24T15:44:52Z,3.085,66.1,15646,25.58
1165,2025-09-24T15:45:13Z,3.084,66.7,15647,25.52
1166,2025-09-24T15:45:31Z,3.083,66.8,15651,25.51
1167,2025-09-24T15:45:51Z,3.085,67.4,15651,25.48
1168,2025-09-24T15:46:08Z,3.084,67.5,15651,25.44
1169,2025-09-24T15:46:27Z,3.084,67.4,15651,25.41
1170,2025-09-24T15:46:45Z,3.084,67.4,15651,25.36
1171,2025-09-24T15:47:10Z,3.085,66.6,15652,25.3
1172,2025-09-24T15:47:30Z,3.085,67.1,15654,25.29
1173,2025-09-24T15:47:48Z,3.084,67.1,15655,25.29
1174,2025-09-24T15:48:07Z,3.084,66.4,15655,25.13
1175,2025-09-24T15:48:26Z,3.085,66.2,15655,25.05
1176,2025-09-24T15:48:45Z,3.085,65.7,15655,25
1177,2025-09-24T15:49:04Z,3.085,65.4,15656,24.99
1178,2025-09-24T15:49:22Z,3.084,65,15657,24.95
1179,2025-09-24T15:49:40Z,3.086,64.4,15658,24.87
1180,2025-09-24T15:49:58Z,3.086,64.7,15682,24.89
1181,2025-09-24T15:50:17Z,3.087,65.5,15683,24.85
1182,2025-09-24T15:50:35Z,3.087,65.8,15684,24.85
1183,2025-09-24T15:50:53Z,3.085,66.1,15697,24.75
1184,2025-09-24T15:51:10Z,3.085,66.1,15701,24.74
1185,2025-09-24T15:51:28Z,3.086,66.6,15703,24.72
1186,2025-09-24T15:51:46Z,3.084,66.1,15709,24.71
1187,2025-09-24T15:52:03Z,3.086,66.5,15719,24.69
1188,2025-09-24T15:52:22Z,3.086,66.6,15720,24.72
1189,2025-09-24T15:52:41Z,3.086,67,15722,24.71
1190,2025-09-24T15:52:59Z,3.084,66.8,15723,24.72
1191,2025-09-24T15:53:17Z,3.085,67,15730,24.69
1192,2025-09-24T15:53:36Z,3.085,66.9,15738,24.69
1193,2025-09-24T15:53:57Z,3.086,66.5,15746,24.71
1194,2025-09-24T15:54:19Z,3.086,66.7,15759,24.71
1195,2025-09-24T15:54:38Z,3.085,66.8,15760,24.71
1196,2025-09-24T15:54:58Z,3.086,66.6,15773,25.42
1197,2025-09-24T15:55:17Z,3.085,64.5,15773,26.5
1198,2025-09-24T15:55:36Z,3.084,63.7,15774,27.01
1199,2025-09-24T15:55:53Z,3.085,63.8,15777,26.99
1200,2025-09-24T15:56:12Z,3.085,63.5,15779,26.89
1201,2025-09-24T15:56:30Z,3.083,64.5,15779,26.82
1202,2025-09-24T15:56:51Z,3.084,64.6,15780,26.81
1203,2025-09-24T15:57:08Z,3.084,64.3,15782,26.75
1204,2025-09-24T15:57:29Z,3.085,64,15789,26.77
1205,2025-09-24T15:57:48Z,3.084,64.1,15794,26.75
1206,2025-09-24T15:58:07Z,3.085,63.8,15795,26.73
1207,2025-09-24T15:58:24Z,3.085,64,15795,26.74
1208,2025-09-24T15:58:43Z,3.085,64.1,15796,26.71
1209,2025-09-24T15:59:02Z,3.085,62.6,15811,26.73
1210,2025-09-24T15:59:20Z,3.085,63.1,15827,26.65
1211,2025-09-24T15:59:37Z,3.085,62.8,15832,26.61
1212,2025-09-24T15:59:55Z,3.084,63.3,15842,26.62
1213,2025-09-24T16:00:14Z,3.086,64.9,15856,26.39
1214,2025-09-24T16:00:33Z,3.084,62.6,15856,26.53
1215,2025-09-24T16:00:51Z,3.085,56.5,15856,26.71
1216,2025-09-24T16:01:11Z,3.085,56.8,15857,26.81
1217,2025-09-24T16:01:29Z,3.085,56,15864,26.85
1218,2025-09-24T16:01:48Z,3.084,54.1,15875,26.85
1219,2025-09-24T16:02:57Z,3.086,52.5,15883,26.92
1220,2025-09-24T16:04:08Z,3.084,53.1,15886,26.95
1221,2025-09-24T16:04:25Z,3.085,52,15901,26.98
1222,2025-09-24T16:04:43Z,3.085,53.7,15905,27.08
1223,2025-09-24T16:05:00Z,3.085,55.2,15921,27.09
1224,2025-09-24T16:05:18Z,3.084,55.1,15921,27.08
1225,2025-09-24T16:05:35Z,3.086,54.7,15937,27.1
1226,2025-09-24T16:05:56Z,3.084,53.2,15950,27.12
1227,2025-09-24T16:06:13Z,3.085,53.9,15971,27.1
1228,2025-09-24T16:06:31Z,3.085,55.9,15993,27.13
1229,2025-09-24T16:06:48Z,3.085,54.2,16013,27.15
1230,2025-09-24T16:07:06Z,3.084,58.2,16018,27.09
1231,2025-09-24T16:07:24Z,3.085,64.9,16018,27.1
1232,2025-09-24T16:07:41Z,3.086,68.3,17309,26.31
1233,2025-09-24T16:07:58Z,3.087,63.8,16018,27.1
1234,2025-09-24T16:08:16Z,3.085,61.6,16018,27.12
1235,2025-09-24T16:08:34Z,3.084,60.6,16018,27.13
1236,2025-09-24T16:08:51Z,3.086,60.5,16018,27.15
1237,2025-09-24T16:09:11Z,3.086,59.7,16018,27.09
1238,2025-09-24T16:09:30Z,3.085,58.7,16018,27.09
1239,2025-09-24T16:09:48Z,3.084,57.1,16018,27.08
1240,2025-09-24T16:10:06Z,3.086,57.7,16018,27.04
1241,2025-09-24T16:10:23Z,3.086,58.4,16018,26.99
1242,2025-09-24T16:10:41Z,3.084,59.5,16019,26.91
1243,2025-09-24T16:11:04Z,3.084,60,16029,26.89
1244,2025-09-24T16:11:26Z,3.086,61.7,16029,26.81
1245,2025-09-24T16:11:46Z,3.084,62.8,16050,26.79
1246,2025-09-24T16:12:07Z,3.085,63.1,16064,26.81
1247,2025-09-24T16:12:25Z,3.085,63.2,16084,26.81
1248,2025-09-24T16:12:45Z,3.084,63.3,16101,26.79
1249,2025-09-24T16:13:03Z,3.085,63.5,16113,26.79
1250,2025-09-24T16:13:24Z,3.086,63.4,16121,26.81
1251,2025-09-24T16:13:43Z,3.085,63.4,16123,26.81
1252,2025-09-24T16:14:07Z,3.088,63.4,16125,26.81
1253,2025-09-24T16:14:37Z,3.086,63.4,16136,26.81
1254,2025-09-24T16:15:01Z,3.085,63.4,16151,26.79
1255,2025-09-24T16:15:23Z,3.086,63.4,16159,26.84
1256,2025-09-24T16:15:46Z,3.085,63.4,16160,26.82
1257,2025-09-24T16:16:05Z,3.085,63.3,16161,26.84
1258,2025-09-24T16:16:24Z,3.085,63.2,16164,26.84
1259,2025-09-24T16:16:47Z,3.085,63.2,16165,26.85
1260,2025-09-24T16:17:06Z,3.084,63.2,16169,26.88
1261,2025-09-24T16:17:32Z,3.085,63.1,16169,26.88
1262,2025-09-24T16:18:03Z,3.085,63.2,16172,26.86
1263,2025-09-24T16:18:21Z,3.085,69.9,17393,26.23
1264,2025-09-24T16:18:45Z,3.086,63.5,16182,26.88
1265,2025-09-24T16:19:07Z,3.086,63.9,16192,26.88
1266,2025-09-24T16:19:45Z,3.087,64,16207,26.86
1267,2025-09-24T16:20:11Z,3.086,64.2,16212,26.86
1268,2025-09-24T16:20:31Z,3.086,69.8,17403,26.2
1269,2025-09-24T16:20:59Z,3.086,69.8,17404,26.22
1270,2025-09-24T16:21:20Z,3.085,64.3,16251,26.88
1271,2025-09-24T16:21:40Z,3.086,64.4,16257,26.91
1272,2025-09-24T16:22:05Z,3.085,64.4,16275,26.89
1273,2025-09-24T16:22:26Z,3.085,64.4,16280,26.91
1274,2025-09-24T16:22:43Z,3.087,69.9,17407,26.22
1275,2025-09-24T16:23:13Z,3.085,64.4,16317,26.92
1276,2025-09-24T16:23:48Z,3.084,64.5,16338,26.91
1277,2025-09-24T16:24:15Z,3.085,64.6,16351,26.94
1278,2025-09-24T16:24:45Z,3.085,64.4,16364,26.92
1279,2025-09-24T16:25:22Z,3.085,70.3,17408,26.15
1280,2025-09-24T16:25:55Z,3.085,64.4,16382,26.94
1281,2025-09-24T16:26:16Z,3.085,64.4,16396,26.95
1282,2025-09-24T16:26:36Z,3.083,64.2,16416,26.95
1283,2025-09-24T16:27:01Z,3.086,64.2,16418,26.95
1284,2025-09-24T16:27:20Z,3.084,64.3,16436,26.92
1285,2025-09-24T16:27:52Z,3.085,64.2,16444,26.94
1286,2025-09-24T16:28:24Z,3.084,64.3,16449,26.94
1287,2025-09-24T16:28:53Z,3.085,64.3,16463,26.92
1288,2025-09-24T16:29:24Z,3.087,64.3,16467,26.94
1289,2025-09-24T16:29:48Z,3.085,64.4,16476,26.91
1290,2025-09-24T16:31:16Z,3.086,64.4,16485,26.94
1291,2025-09-24T16:33:30Z,3.086,64.7,16527,26.89
1292,2025-09-24T16:34:24Z,3.086,64.6,16530,26.91
1293,2025-09-24T16:35:56Z,3.085,64.7,16531,26.92
1294,2025-09-24T16:36:50Z,3.084,64.7,16534,26.92
1295,2025-09-24T16:37:53Z,3.086,64.6,16545,26.92
1296,2025-09-24T16:39:04Z,3.086,64.6,16549,26.94
1297,2025-09-24T16:42:00Z,3.084,64.6,16560,26.94
1298,2025-09-24T16:42:24Z,3.085,64.7,16568,26.94
1299,2025-09-24T16:43:19Z,3.086,64.7,16569,26.94
1300,2025-09-24T16:44:27Z,3.084,64.7,16585,26.91
1301,2025-09-24T16:44:54Z,3.086,64.8,16589,26.92
1302,2025-09-24T16:45:32Z,3.084,65,16589,26.79
1303,2025-09-24T16:46:24Z,3.086,64.9,16589,26.67
1304,2025-09-24T16:47:18Z,3.085,65.6,16590,26.61
1305,2025-09-24T16:47:46Z,3.085,65.6,16590,26.6
1306,2025-09-24T16:48:39Z,3.086,65.6,16591,26.57
1307,2025-09-24T16:50:02Z,3.085,66,16594,26.58
1308,2025-09-24T16:51:00Z,3.085,66,16594,26.51
1309,2025-09-24T16:51:26Z,3.086,69.2,17440,26.15
1310,2025-09-24T16:52:30Z,3.086,66,16595,26.46
1311,2025-09-24T16:53:57Z,3.086,65.8,16595,26.24
1312,2025-09-24T16:54:33Z,3.087,65.6,16596,26.26
1313,2025-09-24T16:54:56Z,3.085,65,16596,26.22
1314,2025-09-24T16:55:16Z,3.086,64.8,16597,26.2
1315,2025-09-24T16:55:44Z,3.086,65.1,16598,26.22
1316,2025-09-24T16:56:17Z,3.084,65.9,16598,26.26
